Intensity,Wavenumber
3.7692307692308176,4573.3110412116675
#NAME?,4571.346200655402
-19.25,4569.381855351721
2.0624999999999853,4567.418005176432
4.233333333333325,4565.454650005364
-5.2,4563.49179
7,4561.529424179489
0.16666666666662877,4559.5675532765545
-17,4557.606176881609
-15.66666667,4555.645294870696
1.5384615384615425,4553.684907119879
-28.2,4551.725013505295
-0.166666667,4549.765613903093
-11.54545455,4547.806708189475
-5.1,4545.848296240669
inf,4543.890377932954
17.333333333333258,4541.9329531426465
9.499999999998806,4539.976021746106
26.000000000001535,4538.019583619722
1.3999999999999864,4536.063638639929
2.1176470588235436,4534.108186683197
4.4000000000000545,4532.153227626042
3,4530.198761
1.0799999999999952,4528.244787716712
-4.333333333,4526.291306617752
58.49999999999335,4524.338317924818
13.666666666666742,4522.385821514608
7.874999999999776,4520.433817263873
4.000000000000029,4518.482305049407
-1,4516.531284748022
4.499999999999872,4514.580756236597
-1.45,4512.630719392031
32.99999999999625,4510.681174091276
28.749999999999126,4508.73212
-1.2,4506.783557629142
-10.6,4504.835486221846
29.20000000000071,4502.887905866524
-4.6,4500.940816440319
-6.357142857,4498.994217820402
-0.8,4497.048109883986
3.999999999999659,4495.102492508335
8.235294117647127,4493.157365570749
0.875,4491.212728948556
10.25000000000064,4489.268582519127
-9.8,4487.324926159878
-0.8,4485.381759748254
-5.111111111,4483.439083161758
-2.72,4481.496896277915
-95,4479.5551989742835
-8,4477.613991128479
-5.7,4475.673272618142
-5.083333333,4473.733043320963
-2.857142857,4471.793303114655
-2.666666667,4469.854051876997
-0.5,4467.915289485771
0.793103448,4465.977015818828
5.363636364,4464.039230754044
-177,4462.101934169334
254.40000000000578,4460.165125942649
-215.625,4458.2288059520015
98.33333333333333,4456.2929740754025
-628.5,4454.357630190936
162.06250000000233,4452.422774176697
114.57142857142952,4450.488405910857
192.9090909090869,4448.554525271591
95.15789473684154,4446.621132137121
596.9999999999321,4444.688226385721
41.66666666666674,4442.7558078956845
-6.538461538,4440.823876545359
-0.666666667,4438.892432213115
1.6153846153846012,4436.961475
-8.48,4435.031004116621
5.6,4433.101020109314
41,4431.171522634004
7.300000000000053,4429.242511569255
5.9374999999999725,4427.313986793675
4.466666666666652,4425.385948185927
-22,4423.458395624692
3.279999999999976,4421.531328988689
-62,4419.604748156684
-1.375,4417.678653007488
-3,4415.753043419927
7.526315789473651,4413.827919272893
-6.842105263,4411.903280445296
1.7037037037036953,4409.979127
5,4408.055458264274
17.555555555555582,4406.132274668873
11.666666666666742,4404.209575908959
-0.807692308,4402.287361863642
9.999999999999591,4400.365632412062
22.200000000000504,4398.444387433412
-10,4396.5236268069075
1,4394.603350411808
-46.66666667,4392.683558127412
2.2222222222222094,4390.764249833062
35.999999999998366,4388.845425408128
-0.5,4386.927085
86.49999999999028,4385.0092276841915
-31.33333333,4383.091854
-1.75,4381.174963991363
38,4379.258557105457
-14.75,4377.3426333660045
0.6875000000000093,4375.427192652654
6.136363636363605,4373.512234845084
-7,4371.597759823004
70.49999999999199,4369.683767466167
5.235294117647107,4367.770257654376
1.6363636363636025,4365.857230267449
-10.5,4363.944685185261
26,4362.032622
2.454545455,4360.121041
3,4358.209942566338
21.749999999999382,4356.299325502519
0.8571428571428432,4354.389190143329
14.333333333333334,4352.479536368874
-14,4350.570364059282
5.785714285714333,4348.661673094726
6.846153846153804,4346.7534633554005
inf,4344.845734721557
-29.57142857,4342.938487073485
10.461538461538353,4341.03172
-4.052631579,4339.125434255935
-12.75,4337.2196288472205
4.625000000000037,4335.314303945774
-3.117647059,4333.409459
-1.4,4331.505095186587
-3.804878049,4329.601211089905
-91,4327.6978070225905
0.3333333333333333,4325.794882865272
-2.551724138,4323.892438
-3.777777778,4321.990473803266
0.6666666666666515,4320.088988660018
-36.66666667,4318.187982949601
-4.5,4316.287456552842
-7.625,4314.387409350567
-17,4312.487841223678
4.5882352941175855,4310.588752053072
-2.285714286,4308.690141719728
79.50000000000452,4306.79201
14.00000000000017,4304.894357088788
-78.5,4302.9971825532975
16.5,4301.100486379257
32.50000000000196,4299.204268447806
-14.14285714,4297.3085286401165
16.83333333333337,4295.413266837413
1.2499999999999958,4293.518482920952
3.100000000000029,4291.624176772022
9.307692307692209,4289.730348271949
-1.6875,4287.836997302102
-5.678571429,4285.944123743879
0.5999999999999932,4284.051727478722
-0.45,4282.159808388105
5.105263157894786,4280.2683663535445
1.2000000000000068,4278.377401256594
-3.166666667,4276.486912978833
1.944444444444457,4274.596901
-6.5,4272.707366407432
7.125000000000101,4270.818307877149
-2.2,4268.929726
-3.939393939,4267.0416197360955
3.500000000000012,4265.153989888911
-21.5,4263.266836033066
9.666666666666742,4261.380158050446
-7.941176471,4259.493955822976
4.708333333333343,4257.608229232608
-1.058823529,4255.722978161333
-7.285714286,4253.838202
-13.125,4251.953902104235
-3.3125,4250.070077
3.1428571428571845,4248.186726708371
-0.5,4246.303851463772
-0.153846154,4244.421451031007
-17.4,4242.5395252923245
1.5333333333333485,4240.658074130015
4.7333333333333485,4238.777097426389
7.230769231,4236.896595063832
-20.4,4235.016567
2.861111111111105,4233.137012891499
0.043478260869554905,4231.257932846644
-1.609756098,4229.379326672648
-0.296296296,4227.501194252067
9.666666666666629,4225.623535467477
1.3870967741935547,4223.7463502014925
10.2,4221.869638336777
5.600000000000082,4219.993399756013
2.285714285714276,4218.117634341934
0.3720930232558106,4216.242341977299
-3.588235294,4214.367522544902
2.023255813953499,4212.493175927591
-0.434782609,4210.619302008226
-2.078947368,4208.745901
3.255319148936178,4206.872971795039
1.829268292682932,4205.000515267138
1.162790697674421,4203.128530969052
2.125,4201.257018783819
-1.339622642,4199.385978594548
0.4716981132075439,4197.5154102843535
2.964285714285698,4195.645313736406
-1.446808511,4193.775688833908
2.872340425531922,4191.906535460081
-0.317073171,4190.037853498217
1.1764705882352935,4188.169642831612
-0.04494382,4186.301903343612
-0.541666667,4184.434634917599
-0.209150327,4182.567837437002
1.3626373626373585,4180.7015107852585
0.27472527472527186,4178.835655
2.9253731343283498,4176.970269502346
0.14814814814814603,4175.105354638255
0.5063291139240492,4173.240910137212
0.9074074074074095,4171.376935882834
0.4545454545454554,4169.513431758789
1.1376146788990793,4167.650397648793
0.5793650793650775,4165.787833436587
-0.95620438,4163.925739005941
0.087301587,4162.064114
1.3816793893129766,4160.202959024651
0.7905405405405399,4158.342273241729
-1.223880597,4156.482056775856
1.2911392405063273,4154.622309510976
1.182432432,4152.763031331086
1.0253807106598962,4150.904222120227
0.087179487,4149.045881762444
0.2820512820512809,4147.188010141856
0.3034825870646755,4145.330607142589
-0.027888446,4143.4736726488245
0.5873786407766982,4141.617206544774
-0.185873606,4139.7612087146645
0.33057851239669533,4137.905679042806
-0.209459459,4136.050617413492
0.10850439882697885,4134.196023711085
-0.073578595,4132.341897819968
0.14323607427055707,4130.488239624568
-0.48816568,4128.635049009352
-0.239875389,4126.782325858801
0.16300940438871414,4124.930070057455
-0.010723861,4123.078281489876
0.3520408163265304,4121.226960040671
0.4057017543859654,4119.376106
0.1852678571428576,4117.525718035968
-0.379775281,4115.675797249851
-0.089583333,4113.826343120871
-0.243512974,4111.977355533812
0.14727272727272733,4110.128834373483
-0.029962547,4108.2807795247445
0.11518324607329843,4106.433190872469
-0.130052724,4104.586068301594
-0.044410413,4102.739412
0.050078247,4100.893220943899
-0.017804154,4099.047495927103
0.1659513590844066,4097.202236531748
0.027737226277371928,4095.357442642924
0.049286641,4093.5131141457805
-0.099354839,4091.669250925481
0.13810110974106013,4089.825852867236
0.10723192019950152,4087.982919856282
0.044444444,4086.1404517778956
0.093601896,4084.298448517393
0.16153846153846152,4082.456909960123
-0.05026178,4080.615835991457
0.034709193245778404,4078.7752264968276
-0.004840271,4076.9350813616784
-0.041785375,4075.0954004714968
-0.078295342,4073.2561837118137
-0.091623037,4071.4174309681894
0.10132575757575779,4069.5791421262093
0.073024055,4067.7413170715026
-0.058020478,4065.9039556897424
-0.027303754,4064.067057866616
-0.048489666,4062.2306234878797
0.062052506,4060.3946524392795
0.085490196,4058.5591446066337
-0.001457726,4056.724099875775
0.19880863737900226,4054.8895181325843
0.1426563598032328,4053.0553992629775
0.064005506,4051.2217431528825
0.071234735,4049.388549688292
-0.118930331,4047.5558187552215
-0.066666667,4045.7235502397143
0.073924731,4043.891744027869
0.011169513797634839,4042.0604000057883
-0.003745318,4040.229518059643
0.010500308832612866,4038.3990980756116
-0.015306122,4036.5691399399275
0.048318043,4034.7396435388455
0.078219013,4032.9106087586606
0.000582411,4031.082035485708
-0.015692641,4029.2539236063476
-0.037214248,4027.4262730069768
0.044652701,4025.5990835740286
0.007194245,4023.7723551939835
0.031217482,4021.946087753333
0.092783505,4020.1202811386265
-0.026686808,4018.294935236432
0.00244978,4016.4700499333503
0.065411298,4014.6456251160325
0.004356244,4012.8216606711594
0.019389238972370222,4010.998156485437
-0.017439192,4009.1751124456114
0.002274795,4007.3525284384723
-0.008501119,4005.530404350824
0.037527594,4003.708740069529
-0.01078516,4001.887535481468
-0.014397906,4000.0667904735583
0.055740432612312915,3998.246505
-0.066443794,3996.426679
0.053435115,3994.6073118004806
0.04894822,3992.788403983088
0.001498127,3990.969955180959
0.033122441,3989.1519652812367
-0.003410383,3987.334434171078
-0.045504587,3985.5173617376768
-0.068403909,3983.7007478682626
0.07963595,3981.884592450113
0.035211268,3980.0688953705157
0.015608372,3978.2536565168066
0.028483184625943802,3976.4388757763572
-0.020471895,3974.6245530365686
-0.006495726,3972.8106881848817
-0.035667107,3970.9972811087628
0.021681997,3969.1843316957184
0.022621423819028683,3967.371839833295
0.038869257950529965,3965.5598054090606
-0.049984182,3963.748228310631
0.012349490583513362,3961.9371084256436
0.025163094,3960.1264456417866
-0.021237304,3958.3162398467557
0.005892752,3956.5064909282974
0.036937742031575745,3954.697198774209
0.00504451,3952.8883632722955
0.011339143472964022,3951.079984310405
-0.018674407,3949.272061776419
-0.007352941,3947.464595558258
0.039491853,3945.657585543873
0.019774787146388355,3943.851031621247
-0.013821138,3942.0449336783986
-0.007787325,3940.2392916033805
-0.003080873,3938.4341052842883
0.035386632,3936.6293746092324
-0.019672131,3934.825099466385
-0.000500125,3933.021279743918
0.021502656,3931.217915330066
0.028974920866812814,3929.4150061130767
0.00398109,3927.6125519812504
0.023319276,3925.8105528229153
-0.034863737,3924.0090085264255
0.002130178,3922.2079189801752
0.006001847,3920.407284072591
0.025280898876404494,3918.6071036921403
-0.000461148,3916.8073777273075
0.044387036,3915.008106066636
0.05496494,3913.2092885986804
0.000231321,3911.4109252120343
-0.01058797,3909.6130157953394
0.002633311,3907.8155602372517
0.020674646354733456,3906.018558426471
0.030584264923011972,3904.2220102517367
0.014983713,3902.4259156017997
0.034105815,3900.630274365476
-0.007726269,3898.835086431589
-0.013976851,3897.040351689013
-0.005605865,3895.246070026644
0.003969129,3893.452241333418
0.010400531090949374,3891.658865498297
-0.02412468,3889.8659424103007
-0.010537634,3888.073471958449
-0.026720821,3886.281454031816
0.048169962,3884.489888519509
-0.013524761,3882.6987753106605
-0.001403087,3880.9081142944324
0.001019576,3879.117905360041
-0.019699431,3877.328148396724
0.033924742,3875.5388432937452
-0.031420765,3873.749989940414
0.025453828,3871.9615882260678
0.013176007866273308,3870.173638040067
0.008773603,3868.3861392718372
-0.031680441,3866.5990918108055
-0.018489985,3864.8124955464373
0.001124438,3863.026350368247
0.006818182,3861.240656165777
0.008617234,3859.455412828591
-0.000580495,3857.6706202462974
-0.050995261,3855.8862783085315
-0.00209444,3854.102386904977
0.016790316,3852.3189459253317
-0.027027027,3850.5359552593345
-0.005204163,3848.753415
0.023095623987034034,3846.971324
-0.039524098,3845.1896840411264
-0.005503891,3843.408493527788
-0.00559888,3841.6277527772872
0.001942879,3839.8474616795756
0.007133711,3838.0676201246188
-0.001272033,3836.288228002424
-0.012068966,3834.509285203023
-0.016190953,3832.730791616499
-0.006999837,3830.9527471329475
-0.006822612,3829.175151642514
0.007523611,3827.3980050353675
-0.021290017,3825.621307201709
0.005149009,3823.845058031775
-0.002256657,3822.069257415844
-0.016870011,3820.2939052442143
0.016843971631205674,3818.519001407223
-0.002340208,3816.7445457952435
-0.002032225,3814.9705382986704
0.003359135,3813.1969788079496
0.005404616,3811.4238672135434
-0.014519839,3809.651203405956
-0.008044464,3807.8789872757225
0.025682419,3806.107218713414
-0.021273578,3804.335897609626
-0.00659279,3802.565023854988
0.003842987,3800.7945973401875
-0.017197021,3799.0246179558962
0.007757213,3797.255085592871
-0.002210663,3795.486
-0.010594073,3793.7173614936746
0.012185736275012855,3791.9491695391316
0.012127337,3790.181424
0.004840042,3788.4141252744994
0.026657474434103157,3786.647272746228
-0.004619718,3784.8808664752614
-0.011897106,3783.1149063525954
-0.003137091,3781.3493922692596
0.007480793,3779.5843241163075
0.001405058,3777.819701784836
0.004792332,3776.0555251659807
0.001902283,3774.291794150886
0.005251236,3772.5285086307504
0.007879513,3770.7656684968024
-0.013100867,3769.003273640288
-0.00362923,3767.2413239525104
0.010889110889110865,3765.479819324788
0.009642822,3763.7187596484637
0.00778892,3761.9581448149365
0.014155205300672625,3760.197974715631
0.009281201,3758.438249
0.020606060606060607,3756.6789682855033
0.008530319,3754.9201317376846
0.011210297,3753.161739490093
0.005538396,3751.4037914343044
-0.009659665,3749.6462874619356
-0.003818561,3747.8892274646405
0.015695340065701426,3746.132611334084
-0.004966255,3744.376438961999
-0.004986877,3742.620710240115
-0.007247349,3740.865425060223
-0.000907061,3739.1105833141173
0.013121161362367361,3737.356184893659
0.002001334,3735.6022296907067
0.01022103,3733.8487175971804
0.003746254,3732.0956485050065
0.002898901,3730.3430223061678
0.002727893,3728.5908388926673
0.010366122629025117,3726.839098156548
-0.005255255,3725.0877999898585
0.021367958,3723.3369442847197
0.018740940153240813,3721.5865309332603
-0.007022055,3719.836559827643
0.005433228,3718.0870308600697
-0.001676602,3716.337944
0.012296921281752107,3714.5892989080057
0.020375478245395477,3712.8410957080705
0.006502761,3711.0933342152894
0.003479657,3709.3460143220345
0.012016021361815756,3707.599135920682
-0.005350408,3705.852699
0.010772959870724482,3704.106703163423
0.018876207199297647,3702.3611485924666
0.000945667,3700.6160350833034
0.011093777084416728,3698.871362528489
-0.000434103,3697.127130820605
0.008967092,3695.3833398522675
0.008371704,3693.639989516132
-0.004569191,3691.897079704864
0.008757436,3690.1546103111905
-0.000853242,3688.4125812278526
0.016098484848484827,3686.670992347619
-0.007094714,3684.9298435633045
-0.002543637,3683.189135
0.008753111,3681.448865853821
0.007024322,3679.709036714432
0.005641749,3677.969647242511
-0.004150501,3676.2306973310315
-0.005415651,3674.492186872987
-0.00337622,3672.754115761416
0.007632167,3671.0164838893797
-0.016476315,3669.2792911499673
0.001324879,3667.542537436315
-0.002537117,3665.8062226415805
0.021915508719574726,3664.070346658955
0.009538242,3662.334909381656
-0.018347818,3660.599911
0.001676165,3658.8653505160946
0.006998698,3657.1312287144465
-0.005514265,3655.397545
0.001048895,3653.6642998401403
0.004689142,3651.9314925542767
-0.00602704,3650.199123227201
0.007343011,3648.4671917523774
-0.003131347,3646.735698023316
-0.009632446,3645.0046419335613
0.006749252,3643.2740233766835
-0.015928907,3641.543842246283
0.016591890290358062,3639.8140984359943
-0.003417521,3638.0847918394884
0.008067802,3636.3559223504617
-0.003590235,3634.627489862647
0.002279337,3632.8994942697973
0.002557941,3631.171935465718
0.003474367,3629.4448133442147
-0.002567294,3627.718127799162
-0.000240058,3625.991878724435
0.008346418,3624.2660660139627
0.007722949,3622.5406895616907
0.003637566,3620.8157492615974
0.002293578,3619.0912450076994
0.011231175019144049,3617.367176694039
0.003086935,3615.643544214696
-0.002400576,3613.920347463776
0.007121943,3612.1975863354182
-0.003252284,3610.4752607237933
0.009172173,3608.753371
0.003756516,3607.031915627578
-0.002692101,3605.310895931483
-0.004410646,3603.5903113291224
0.001658125,3601.8701617148126
-0.000220653,3600.1504469829124
0.000656838,3598.4311670278166
-0.000581945,3596.712321743944
-0.004860267,3594.993911025749
0.001329973,3593.275934767711
-0.000415772,3591.558392864348
-0.00721137,3589.8412852102065
0.001405086,3588.1246116998554
-0.005142294,3586.408372227912
-0.005830094,3584.6925666890183
0.011209357376592649,3582.9771949778333
0.006571588,3581.2622569890664
0.004352261,3579.5477526174454
0.006450299,3577.8336817577383
0.00956551,3576.1200443047455
0.004198373,3574.4068401532822
-0.002011942,3572.6940691982127
0.001082182,3570.981731334421
-0.001845606,3569.269826456828
0.004398163,3567.558354460387
-0.000259909,3565.8473152400784
0.008056065,3564.136708690914
-0.001851729,3562.4265347079363
0.00871885,3560.7167931862186
-0.005450298,3559.007484020869
-0.001646195,3557.298607107028
-0.005739514,3555.590162339853
-0.001633371,3553.8821496145465
-0.007642674,3552.174568826342
0.002791563,3550.4674198704943
0.002483547,3548.7607026422957
0.008128094,3547.0544170370686
0.018961457429669103,3545.3485629501647
0.007980356,3543.643140276972
0.010835351089588392,3541.938148912899
-0.000299491,3540.2335887533936
0.006185072,3538.529459693933
0.003432288,3536.825761630018
0.000651929,3535.122494457195
0.011457898191800441,3533.4196580710304
-0.001787736,3531.7172523671143
0.004357298,3530.0152772410893
0.007894577,3528.3137325886055
-0.001849752,3526.6126183053602
0.003261385,3524.911934287078
0.011366313309776194,3523.2116804294983
-0.006351241,3521.511856628422
0.004394588,3519.812462779655
-0.002186115,3518.1134987790338
0.001538462,3516.4149645224516
0.002260156,3514.7168599057986
0.002156554,3513.019184825016
-0.003821956,3511.3219391760795
0.003259646,3509.6251228549754
0.008985507,3507.9287357577377
0.012002087319533832,3506.2327777804257
0.007849022,3504.537248819117
0.008231153,3502.8421487699525
0.007182761,3501.1474775290662
0.000230854,3499.4532349926467
0.003559965,3497.759421056904
0.006549206,3496.066035618076
0.007654105,3494.3730785724383
0.00028591,3492.6805498162976
-0.001537235,3490.9884492459805
0.008933115,3489.296776757854
0.008324487,3487.6055322483116
0.013559894221572036,3485.914715613775
0.003690037,3484.2243267507056
0.001398445,3482.5343655555807
0.007914832,3480.8448319249255
0.001119445,3479.1557257552777
-0.00642978,3477.4670469432112
-0.004312518,3475.778795385344
0.006255935,3474.090970978308
-0.003098545,3472.403573618767
0.003558914,3470.7166032034165
0.002248514,3469.0300596289926
0.013281292351059805,3467.3439427922476
0.004123601,3465.6582525899703
-0.00182512,3463.9729889189784
0.010174966352624494,3462.2881516761263
0.008396489,3460.603740758279
0.006553224,3458.9197560623597
-0.00511046,3457.236197485303
0.000214064,3455.5530649240754
0.005017079,3453.8703582756825
0.001063547,3452.188077437153
0.005811496,3450.5062223055393
0.00501955,3448.824792777932
-0.001090003,3447.1437887514585
-0.000478953,3445.4632101232673
0.004192983,3443.783056790533
0.007521546,3442.1033286504644
-0.001585037,3440.4240256003104
0.004460118,3438.745148
0.013116963915387792,3437.066694358844
-0.006656426,3435.388665962164
0.004290736,3433.7110622446507
0.000202102,3432.0338831037006
0.008194203,3430.357128436728
0.001721258,3428.680798141193
0.009770495,3427.0048921145644
-0.002565945,3425.3294102543587
0.010730917189714528,3423.654352458112
0.008046559,3421.9797186233955
9.921127040032875e-05,3420.305508647807
0.006806719,3418.6317224289833
0.010569697,3416.958359864575
0.008878915,3415.2854208522767
0.009126595,3413.612905289803
0.001761683,3411.940813074909
0.006938293,3410.2691441053703
-0.005261126,3408.5978982789948
0.008687164,3406.927075493615
0.000720738,3405.256675647106
0.005774228,3403.586698637362
0.003932904,3401.9171443623127
0.006624083,3400.2480127199196
0.008222139,3398.5793036081614
0.005808507,3396.9110169250544
0.002619393,3395.2431525686534
0.00781945,3393.5757104370277
0.007593549,3391.908690428283
0.001702194,3390.2420924405596
0.005490415,3388.575916372014
0.007340381,3386.910162120852
0.005680011,3385.2448295852846
0.003174459,3383.579918663574
0.009150444,3381.9154292540097
0.003896564,3380.2513612548883
0.004163868,3378.5877145645645
0.005484178,3376.9244890814043
0.00111304,3375.261685
0.005735373,3373.5993013302195
0.003576378,3371.9373388590866
0.003018109,3370.2757971889005
0.009787141,3368.6146762181816
-0.003936671,3366.953975845485
0.002628744,3365.293695969378
-0.001532371,3363.6338364884814
0.003129626,3361.9743973014192
0.007044644,3360.315378306872
0.000593799,3358.656779403531
0.001771629,3356.9986004901093
0.003056416,3355.3408414653786
0.014356685752778724,3353.6835022281193
0.010114464099895942,3352.026582677141
0.014338842975206621,3350.370082711288
0.002543913,3348.714002229428
0.006897391,3347.058341130476
0.013177276165452438,3345.403099313351
0.002551631,3343.748276677019
0.006602786,3342.093873120464
0.002448816,3340.439888542709
0.002644867,3338.786322842807
0.008350395,3337.1331759198256
0.01061968,3335.480447672873
0.007617701,3333.8281380010885
0.008166122,3332.1762468036413
0.008413002,3330.524773979716
0.005614115,3328.8737194285422
0.015072108947630152,3327.223083
0.002293227,3325.572864741478
0.006248571,3323.9230644041854
0.017214397,3322.2736819368256
0.008552483,3320.6247172387684
0.012301752526590704,3318.9761702094092
0.006679104,3317.328040748187
0.005890906,3315.6803287545445
0.005941532,3314.033034127973
0.00941185,3312.3861567679887
0.00400262,3310.739696574132
0.007501631,3309.093653445965
0.012608239,3307.448027283117
0.002898446,3305.8028179851917
0.016221477,3304.158025451865
0.006704113,3302.5136495828174
0.008363328,3300.8696902777647
0.014180635122710242,3299.2261474364605
0.00997997,3297.583020958671
0.007352173,3295.9403107442104
0.010504634397528322,3294.2980166929083
0.01838808,3292.656138704624
0.00980291,3291.0146766792477
0.014509394572025052,3289.373630516706
0.011042027656032337,3287.733000116941
0.00882784,3286.0927853799294
0.013509807,3284.4529862056825
0.01582568,3282.8136024942396
0.021128411183659795,3281.1746341456565
0.019237159,3279.536081060025
0.018538641,3277.897943137472
0.009041591,3276.260220278149
0.016064651,3274.6229123822286
0.014102059556605004,3272.986019349919
0.010609115246058762,3271.3495410814667
0.01309901,3269.713477477131
0.016755571554799235,3268.0778284372063
0.015467099918765237,3266.4425938620116
0.014833167,3264.8077736519062
0.012447735469662633,3263.1733677072625
0.017005314160675206,3261.5393759284925
0.019286433,3259.9057982160357
0.020518525,3258.2726344703588
0.017112467,3256.6398845919502
0.017190986517489546,3255.007548481346
0.020257244888284932,3253.3756260390765
0.019000310462589258,3251.744117165743
0.021010101010101003,3250.1130217619466
0.015186734852006811,3248.482339728327
0.014218154080854303,3246.8520709655477
0.020730235365117682,3245.222215374306
0.022165104324160866,3243.592772855325
0.020148940003603392,3241.9637433093576
0.019434947,3240.3351266371774
0.01937046,3238.706922739604
0.02090301,3237.0791315174683
0.021321706931047867,3235.451752871637
0.017213699607563325,3233.8247867030077
0.022889715872172006,3232.1982329124967
0.023175761892044268,3230.572091401058
0.016200510668271065,3228.9463620696733
0.018111630336980815,3227.3210448193513
0.022683927642605337,3225.696139551126
0.020017831976760908,3224.0716461660595
0.025356485740570374,3222.447564565253
0.019080234833659494,3220.823894649824
0.021438155,3219.2006363209184
0.019870740971710422,3217.5777894797175
0.023659442189793628,3215.9553540274283
0.02150199,3214.333329865287
0.022984887,3212.711716894557
0.019919314170448815,3211.090515016527
0.018256822,3209.4697241325175
0.023044925124792014,3207.8493441438786
0.025369978858350947,3206.229374951983
0.025330092260096138,3204.6098164582363
0.021817177575255448,3202.990668564078
0.023138328,3201.371931170959
0.026609442060085833,3199.7536041803705
0.028944318746206066,3198.1356874938374
0.019007362967002995,3196.5181810128925
0.020720155059921922,3194.901084639123
0.023567939013260326,3193.2843982741215
0.023468818860010097,3191.6681218195226
0.021427618412274856,3190.052255176981
0.025847060399089333,3188.436798248189
0.026061493,3186.8217509348506
0.024818028,3185.2071131387183
0.027182911,3183.592884761558
0.025207394168956225,3181.979065705171
0.025567274,3180.365655871381
0.022538663,3178.752655162043
0.025205909269185506,3177.140063479039
0.02386441,3175.527880724283
0.023259452,3173.916106799714
0.023863311781049563,3172.304741607295
0.029553336,3170.6937850490212
0.026524159197219527,3169.083237026918
0.023965198364114725,3167.473097443033
0.026657023299064934,3165.863366
0.024359074668127163,3164.254043198269
0.022574724698479286,3162.645128
0.020196548788980886,3161.0366215316917
0.023794950267788828,3159.428522670645
0.023321158,3157.8208316607124
0.02306085,3156.2135484041337
0.019369665134602764,3154.6066728031874
0.022226732974728512,3153.000205
0.017748516784739772,3151.3941441774205
0.028204149166348474,3149.788490957286
0.026044713482717394,3148.183245002161
0.018687294,3146.5784062144503
0.017688649573509792,3144.9739744966028
0.020903265181568507,3143.369949751079
0.022114185988531543,3141.7663318803807
0.021943028,3140.1631207870323
0.021352402458913566,3138.5603163735777
0.022722187694220016,3136.9579185426155
0.018003640625389627,3135.355927196735
0.015497695278435275,3133.754342238577
0.016886075949367085,3132.1531635708016
0.019732702,3130.5523910961056
0.015653798570959682,3128.9520247172077
0.017762926,3127.3520643368465
0.015629742033383916,3125.752509857797
0.016315551,3124.153361182871
0.015025790535994617,3122.554618214879
0.012617204,3120.9562808566952
0.014245935060414697,3119.3583490111923
0.012259807846277015,3117.7608225812874
0.013972602739726028,3116.1637014699136
0.012489696000799346,3114.566985580046
0.014316735683264315,3112.9706748146764
0.012889875090378713,3111.374769076825
0.014194517461509576,3109.779268269538
0.010471861580573064,3108.1841722958998
0.010352121438347647,3106.5894810590107
0.008475204,3104.995194461997
0.009432104,3103.401312
0.011178710985804032,3101.8078348002873
0.010359719413864545,3100.2147615419926
0.012990521094248803,3098.6220925363777
0.011483325,3097.029827686716
0.008872757,3095.4379668963065
0.010696398459718627,3093.8465100684716
0.0047906,3092.255457106563
0.006185001,3090.664807913956
0.006155374,3089.074562394064
0.009587559,3087.4847204503167
0.013662559618441964,3085.895281986175
0.00481609,3084.3062469051292
0.009747663,3082.7176151106905
0.008647204,3081.1293865064126
0.006095238,3079.5415609958545
0.012316893912514573,3077.9541384826152
0.010679587,3076.3671188703265
0.009974555,3074.780502062633
0.008027639,3073.194287963219
0.011100129248080286,3071.6084764757925
0.011311758141422346,3070.0230675040893
0.007996558,3068.4380609518576
0.009062373,3066.853457
0.007086008,3065.269255
0.009336471,3063.685454850085
0.011497800756231191,3062.102057013941
0.010922108123644528,3060.5190611164926
0.008730674,3058.9364670616615
0.01110445,3057.3542747533975
0.004738968,3055.772484095696
0.012110727,3054.1910949925423
0.007616324,3052.6101073479767
0.007935281,3051.0295210660643
0.009596482,3049.449336050886
0.003299546,3047.869552206559
0.00872147,3046.2901694372285
0.005443774,3044.7111876470553
0.005385852,3043.1326067402406
0.00744285,3041.5544266210036
0.00762937,3039.976647193589
0.008154917,3038.399268362289
0.008514968,3036.822290031394
0.005214985,3035.2457121052357
0.008571124,3033.6695344881755
0.007345505,3032.093757084598
0.012002697235333776,3030.5183797989084
0.009673634,3028.943402535555
0.006801415,3027.368825198995
0.003535912,3025.794647693725
0.006018964,3024.22087
0.00620337,3022.647491795149
0.004097226,3021.074513210966
0.004279799,3019.501934076314
0.003170773,3017.929754295812
0.00495649,3016.357973774113
0.005184235,3014.786592415907
0.007109071,3013.215610125895
0.001971331,3011.6450268088065
0.005473984,3010.074842369415
0.000714102,3008.505057
0.010277136258660516,3006.9356697428666
0.001994969,3005.366681365378
0.00653896,3003.7980914848886
-0.000406728,3002.229900006294
0.004699603,3000.662106834514
0.007377169,2999.0947118745044
0.005197322,2997.5277150312286
0.004378439,2995.961116209701
0.007355131,2994.3949153149424
0.007263923,2992.8291122520095
0.00258927,2991.2637069259836
-0.000180386,2989.6986992419734
0.008104067,2988.134089105115
0.004051317,2986.5698764205717
0.007872819,2985.006061093525
0.008849285,2983.442643029195
-0.001883811,2981.879622132825
0.00242064,2980.3169983096795
0.005265721,2978.7547714650536
0.006591714,2977.192941504267
0.000247081,2975.6315083326717
0.001926124,2974.0704718556444
-0.00100452,2972.509831978574
0.007456608,2970.9495886069035
0.008393021,2969.389741646073
0.001459345,2967.830291
0.004977823,2966.2712365789066
0.007426614,2964.712578
0.001574029,2963.154316021235
0.004103877,2961.5964496973775
0.004454787,2960.0389792176447
0.002628255,2958.4819044876767
0.007275411,2956.9252254131407
0.004464126,2955.368941899733
0.006205251,2953.8130538531623
0.011946278845440372,2952.2575611791817
0.002625371,2950.7024637835584
0.006216424,2949.147761572098
0.003458761,2947.5934544506126
0.004093408,2946.0395423249574
0.003654129,2944.4860251010105
0.011028674553839992,2942.9329026846735
0.007469048,2941.3801749818795
0.005180124,2939.8278418985756
0.009234511,2938.2759033407565
0.011272758209971064,2936.7243592144187
0.007773699,2935.173209425604
0.00404963,2933.622453880369
0.006080781,2932.0720924848065
-0.00078854,2930.5221251450257
0.004454343,2928.9725517671613
-0.004106504,2927.423372257388
0.005700398,2925.8745865218953
0.004812191,2924.3261944668993
0.007937224,2922.7781959986405
0.00625428,2921.2305910234027
0.004371635,2919.683379447466
0.007314672,2918.1365611771653
-0.000655584,2916.590136118846
-0.000561404,2915.044104
0.007322872,2913.498465263672
0.004173863,2911.9532192796487
0.002763904,2910.408366133268
0.001158078,2908.863905731003
0.008006211,2907.3198379793666
-0.002248949,2905.776162784874
0.004733324,2904.2328800540963
0.003887604,2902.689989693623
0.001675455,2901.1474916100487
-0.000838388,2899.605385710018
0.000938179,2898.0636719001905
0.008631682,2896.522350087258
0.001891394,2894.98142
0.001260208,2893.4408820789467
-0.006071738,2891.9007356970724
0.016482088077782987,2890.3609809391055
0.012024578874880827,2888.8216177118575
-0.001855976,2887.2826459221724
0.004353268,2885.7440654769216
0.001725001,2884.205876
0.009141473,2882.6680782473304
0.007199505,2881.1306712768583
0.006833975,2879.593655278555
0.00232032,2878.057030159418
-0.002068069,2876.5207958264837
0.008370895,2874.9849521867927
-0.001515152,2873.449499147422
0.010671725855220254,2871.9144366154724
0.001677953,2870.379764498077
-0.0078251,2868.845482702387
0.002094303,2867.311591135589
0.011415934492857584,2865.778089704876
0.002043761,2864.244978317487
0.007045222,2862.712256880681
0.010178274,2861.179925301736
0.003819145,2859.647983487963
0.0040625,2858.1164313466943
0.000500908,2856.585268785291
0.012533064617710024,2855.0544957111415
0.0099706,2853.524112031653
0.002790939,2851.9941176542634
0.005639463,2850.4645124864364
0.009313308,2848.9352964356603
-0.009383553,2847.4064694094486
-0.000264883,2845.878031315344
0.004180214,2844.349982060905
-0.005295909,2842.8223215537328
0.014258367,2841.295049701437
-0.001952468,2839.768166411659
0.014548653,2838.241671592068
0.004051363,2836.7155651503617
-0.001245072,2835.1898469942516
0.006476774,2833.6645170314914
0.005026193,2832.1395751698383
0.017923450442730665,2830.6150213170968
0.013495768894076469,2829.0908553810896
0.011423997671541859,2827.5670772696612
0.00594884,2826.043687
0.009565087,2824.5206841520467
-0.001733625,2822.9980689616787
0.008965884,2821.4758412275387
-0.004140302,2819.954000857584
0.014673743365594774,2818.4325477598286
-0.005232652,2816.911481842284
0.012242581482082033,2815.390803013008
0.002918998,2813.8705111800846
-0.016389372,2812.3506062515935
-8.35E-05,2810.831088135681
0.001444227,2809.3119567404883
0.004008529,2807.7932119742018
0.011891426109435587,2806.274853745015
0.019028411083830216,2804.756881961155
0.015156887,2803.239296530888
0.007028754,2801.7220973624753
0.007346189,2800.2052843642305
0.007131755,2798.688857444491
0.009691381,2797.1728165115965
0.015506772536198019,2795.657161473937
0.007793936,2794.141892239908
0.006521739,2792.6270087179546
0.013909736815771017,2791.112510816518
0.007024139,2789.598398
-0.009341998,2788.084671509163
0.017763423496164738,2786.571329920289
0.019280605369544936,2785.0583735860037
0.003231523,2783.5458024149066
0.012401471,2782.033616
0.001415659,2780.5218151966983
0.008036001,2779.0103989668805
-0.002888889,2777.499367534825
0.011808367071524967,2775.988720809237
0.00981751,2774.478458698846
0.009692865,2772.9685811124145
-0.00797809,2771.4590879587286
-0.001555024,2769.9499791465896
0.013363833373464964,2768.441254584839
0.002815177,2766.9329141823237
-0.000884508,2765.4249578479394
0.025778591991625258,2763.9173854905857
0.003204307,2762.4101970192023
0.00630063,2760.903392342745
-0.00342827,2759.396971370199
-0.004680396,2757.890934010571
-0.02417461,2756.385280172899
0.022609909,2754.8800097662406
0.009171723,2753.3751226996774
0.021164772727272758,2751.870618882318
-0.010445379,2750.3664982233004
-0.02734375,2748.8627606317787
0.032205402196497444,2747.359406016936
0.036785768129051676,2745.8564342879836
0.005314991,2744.3538453541623
-0.00795039,2742.851639124714
-0.000976721,2741.349816
0.027478708018640524,2739.848374416135
-0.00132692,2738.3473157556436
0.002874049,2736.846639436815
0.037506336,2735.3463453690365
0.000862366,2733.8464334617147
-0.00332284,2732.3469036242877
0.035075412136092644,2730.847755766201
0.029168167086784297,2729.3489897969466
0.013111727,2727.850605626032
0.015711645101663545,2726.3526031629863
-0.003353204,2724.8549823173653
0.025122781,2723.3577429987527
0.011267048823878238,2721.8608851167573
0.021609833465503523,2720.3644085810083
0.028565680949507094,2718.868313301158
-0.017154812,2717.372599186894
0.033672833,2715.877266147918
-0.024063612,2714.3823140939585
0.028883183568677792,2712.8877429347776
0.025845358604350638,2711.3935525801444
-0.003992902,2709.8997429398732
-0.020371209,2708.406313923788
0.005515973,2706.9132654417426
0.020657277,2705.4205974036195
0.003705419,2703.928309719313
-0.004818116,2702.436402298761
0.031196685352181383,2700.9448750519095
0.021942801,2699.4537278887383
-0.00124502,2697.962960719249
0,2696.472573453466
0.013809275664408604,2694.9825660014412
0.002050231,2693.4929382732516
0.037210584,2692.0036901790027
0.008426966,2690.5148216288017
0.009251472,2689.0263325328106
0.006395349,2687.538222801204
0.019142857142857076,2686.0504923441767
0.046714888,2684.5631410719507
-0.041486068,2683.076168894775
0.034699372,2681.589575722919
0.006307159,2680.1033614666812
0.040822887,2678.6175260363852
0.005415737,2677.132069342373
0.001635056,2675.646991295016
-0.05834464,2674.1622918046996
-0.018551552,2672.677970781857
0.049259387,2671.1940281369207
-0.026952315,2669.7104637803623
0.014069264,2668.227277622673
0.033867444,2666.7444695743725
0.028402803,2665.2620395459926
-0.00335633,2663.7799874481098
-0.021872602,2662.298313191306
0.063560995,2660.8170166861964
-0.028985507,2659.336097843423
0.080619539,2657.8555565736406
0.086484312,2656.3753927875423
0.008564437,2654.895606395843
0.026620867,2653.416197309267
0.026046114,2651.9371654385814
0.02283923,2650.4585106945706
0.04743083,2648.9802329880404
0,2647.5023322298293
0.07833257,2646.024808330787
0.029425502101821575,2644.5476612017974
0.015888779,2643.070891
-0.028278888,2641.5944968976255
0.029966167230546265,2640.1184795443296
-0.028095734,2638.642838604852
0.011200000000000002,2637.167573990195
0.043276661514683144,2635.692685611395
-0.018949648,2634.2181733794896
-0.01901566,2632.744037205559
-0.013865779,2631.2702770007036
0.019675925925925795,2629.7968926760495
-0.009648127,2628.3238841427374
0.005172414,2626.851251311944
-0.030472637,2625.3789940948664
-0.080675422,2623.907112402716
0.012698412698412842,2622.4356061467442
0.061548223,2620.964475238223
0.064280981,2619.4937195884304
0.061266167,2618.023339108695
-0.020477816,2616.5533337103534
0.067857143,2615.0837033047683
0.005555556,2613.6144478033275
-0.135021097,2612.145567117448
0.11698113207547188,2610.6770611585616
-0.102024922,2609.2089298381343
-0.0136,2607.741173067645
0.088888889,2606.273790758607
0.11037891268533792,2604.8067828225503
0.024671053,2603.3401491710283
-0.008461538,2601.8738897156272
0.065989848,2600.408004367948
0.050129646,2598.942493
0.18291630716134621,2597.477355642295
-0.012715713,2596.012592087647
-0.110813226,2594.548202287384
0.033027523,2593.084186153221
0.053057553956834744,2591.6205435969114
-0.02037037,2590.157274530229
-0.100961538,2588.694378864964
0.14242424242424243,2587.2318565129317
-0.1430131,2585.769707385991
0.30652173913043484,2584.3079313959934
0.059936909,2582.846528454844
0.2541073384446876,2581.385498474445
-0.004756243,2579.924841366743
0.028058361,2578.4645570437024
-0.191609977,2577.0046454173007
0.001189061,2575.545106399555
0.098837209,2574.085939902503
0.1830808080808078,2572.627145838196
0.001264223,2571.1687241187137
0.1102257636122181,2569.710674656164
0.048322148,2568.2529973626843
0.083645443,2566.7956921504174
-0.030788177,2565.3387589315407
0.14062499999999994,2563.882197618259
0.037369208,2562.4260081227912
0.2613803230543315,2560.9701903573878
0.21418439716312024,2559.514744234326
-0.100158983,2558.059669665885
0.026946107784431142,2556.6049665643986
0.18022328548644376,2555.1506348422045
0.064205457,2553.696674411669
0.22405271828665527,2552.243085185184
0.20632279534109776,2550.789867075153
0.16387959866220772,2549.3370199940255
0.22696245733788353,2547.884543854254
-0.086734694,2546.4324385683267
0.070895522,2544.9807040487485
0.026365348399247132,2543.5293402080533
0.13097345132743402,2542.078346958795
-0.207156309,2540.6277242135548
0.10831721470019384,2539.1774718849265
0.037837838,2537.727589885546
-0.285140562,2536.278078128058
-0.094827586,2534.8289365251294
-0.091836735,2533.3801649894685
0.10375275938189896,2531.931763433784
0.013636364,2530.4837317708207
0.012684989,2529.0360699133544
-0.070175439,2527.5887777741627
0.10319410319410323,2526.1418552660707
0.5621890547263676,2524.6953023019087
0.10372340425531922,2523.249118794536
0.20942408376963403,2521.8033046568435
0.1214470284237732,2520.357859801732
0.035812672176307916,2518.912784142136
0.13186813186813182,2517.4680775910056
0.035519126,2516.0237400613205
0.3924418604651164,2514.5797714660857
-0.207650273,2513.136171718321
-0.235443038,2511.692941
0.14960629921259844,2510.2500784174226
-0.129129129,2508.807584690452
-0.1125,2507.3654594632826
-0.145061728,2505.923702649059
-0.026490066,2504.482314160943
-0.341853035,2503.041293912125
-0.057877814,2501.600641815812
0.12237762237762312,2500.1603577852475
0.677740864,2498.7204417336707
-0.090592334,2497.2808935743833
0.036666667,2495.8417132206814
0.066901408,2494.4029005858865
-0.636015326,2492.9644555833584
-0.198380567,2491.526378126464
0.9762845849802372,2490.0886681286065
-0.462962963,2488.651325503204
-0.064516129,2487.2143501636983
-0.414448669,2485.7777420235616
0.025531914893617044,2484.3415009962773
0.547511312,2482.9056269953617
0.575471698,2481.470119934351
0.5520169851380032,2480.0349797268063
-0.135964912,2478.600206
-0.279279279,2477.1657995264686
0.3842592592592603,2475.731759360906
0.1941747572815524,2474.2980857032817
0.6432160804020108,2472.864778467265
0.8309178743961342,2471.4318375665607
0.023809524,2469.999262914882
-0.170854271,2468.5670544259756
-0.348039216,2467.135212013618
0.16582914572864313,2465.703735591591
0.20108695652173778,2464.2726250737123
0.30136986301370045,2462.8418803738186
-0.058823529,2461.411501405768
-0.474358974,2459.981488083442
0.091428571,2458.5518403207498
1.0943396226415094,2457.1225580316186
-1.329192547,2455.6936411299994
-0.407894737,2454.2650895298757
0.012820512820514277,2452.836903145233
-1.410071942,2451.409081890097
1.4873949579831947,2449.981625678518
-0.058823529,2448.5545344245547
-0.5,2447.1278080423017
0.9047619047619032,2445.701446445866
-1.320261438,2444.275449549392
1.9322033898305067,2442.8498172670334
-0.136752137,2441.4245495129726
0.5700934579439219,2439.9996462014115
1.1566265060240957,2438.5751072465773
-0.641304348,2437.1509325627285
-0.218978102,2435.7271220641287
0.45695364238410563,2434.303676
0.7,2432.8805932798987
0.6320754716981104,2431.4578748229214
0.47368421052631576,2430.0355202085266
1.0000000000000036,2428.613529351089
-0.012048193,2427.191902165021
-0.861111111,2425.770638564756
0.18390804597700888,2424.3497384647562
-0.731182796,2422.929201779498
0.59375,2421.5090284234757
-0.366336634,2420.0892183112173
0.5204081632653049,2418.669771357272
0.9230769230769231,2417.2506874762094
1.4545454545454608,2415.831967
-0.507246377,2414.4136085911177
2.481481481481486,2412.995613416346
0.6547619047619021,2411.5779809729574
1.1730769230769162,2410.160711175644
1.676056338028175,2408.7438039391072
-1.384615385,2407.327259178075
1.013157894736848,2405.911076807304
2.127659574468085,2404.495256741564
0.3194444444444476,2403.079798895651
0.6909090909090936,2401.664703184384
-1.081967213,2400.249969522609
0.22727272727272094,2398.8355978251875
0.6249999999999926,2397.4215880070096
0.7763157894736861,2396.00794
0.43137254901960337,2394.594653668046
2.1538461538461537,2393.181728977148
1.1481481481481397,2391.769165825268
0.9512195121951167,2390.3569641274025
1.880000000000026,2388.945123798583
-8.166666667,2387.5336447538466
9.863636363636303,2386.1225269082697
5.374999999999976,2384.7117701769366
-4.777777778,2383.3013744749605
-2.681818182,2381.8913397174783
-43,2380.481665819656
-0.518518519,2379.0723526966613
-0.315789474,2377.6634002637056
-2.153846154,2376.254808436015
8.473684210526429,2374.846577128834
-35,2373.438706257435
2.838709677419337,2372.0311957371086
7.708333333333343,2370.6240454831805
2.7931034482758403,2369.2172554109693
-5.642857143,2367.8108254358576
-63.5,2366.404755473217
-5.571428571,2364.9990454384533
54.500000000002984,2363.5936952469947
-2.96969697,2362.1887048142926
-8,2360.7840740558204
11.875000000000197,2359.3798028870697
1.25,2357.9758912235575
8,2356.5723389808336
-2.071428571,2355.169146074448
6.380952380952392,2353.7663124199917
-12.08333333,2352.3638379330714
6.547619047619053,2350.9617225293096
-12.6,2349.559966124363
3.3666666666666742,2348.158568633913
10.54999999999987,2346.75753
2.5151515151515222,2345.356850059272
1.3666666666666742,2343.9565288065496
0.5135135135135058,2342.5565661312357
5.499999999999787,2341.156961949111
